,Q_cms,COMID
12/31/23,0.119999997,13812194
12/31/23,0.049999999,13837931
12/31/23,0.099999998,13914213
12/31/23,29.09999935,19972126
12/31/23,23.16999948,19984864